Date,FullDiskIntensity,ROI_Intensity,OutsideROI_Intensity,Exposure
2024-06-02 06:30:06.646000,49832194.4560313,8919021.92835794,40920829.6992909,2.90081
2024-06-02 06:30:18.630000,49773768.4720149,8890461.17166706,40891021.0158759,2.900807
2024-06-02 06:30:30.616000,49778997.3617686,8881737.39238771,40904942.65906,2.900807
2024-06-02 06:30:42.623000,49755237.5833947,8858252.49680004,40904709.1280962,2.900813
2024-06-02 06:30:54.615000,49764549.9015792,8839629.62069215,40932649.8460775,2.90081
2024-06-02 06:31:06.623000,49740229.9769858,8819340.23990524,40928617.2285553,2.900812
2024-06-02 06:31:18.615000,49730888.7730591,8803474.06653595,40935182.1975119,2.900808
2024-06-02 06:31:30.623000,49710716.0721605,8795505.80854802,40922928.1052782,2.900811
2024-06-02 06:31:42.616000,49745947.8503561,8802789.29373423,40950883.3062259,2.900806
2024-06-02 06:31:54.623000,49745762.2210609,8812297.3843186,40941220.5961641,2.900812
2024-06-02 06:32:06.638000,49828150.8171336,8883863.85738333,40952026.1747491,2.900811
2024-06-02 06:32:18.623000,49912157.5478824,8959772.22890044,40960154.8810383,2.900807
2024-06-02 06:32:30.616000,49987156.6641524,9036316.82802423,40958633.5374607,2.900804
2024-06-02 06:32:42.623000,50069345.5782102,9112950.37067297,40964179.2536899,2.900805
2024-06-02 06:32:54.615000,50137639.629248,9201694.5629268,40943696.0128681,2.900807
2024-06-02 06:33:06.623000,50207640.221373,9273201.99972008,40942132.6348608,2.900806
2024-06-02 06:33:18.615000,50266369.9217597,9314985.34201505,40959219.6381146,2.900808
2024-06-02 06:33:30.622000,50307146.7304466,9335530.88121279,40979453.6627541,2.900809
2024-06-02 06:33:42.616000,50292433.9967699,9349313.03551945,40950969.1275353,2.900805
2024-06-02 06:33:54.624000,50270920.3780464,9349283.37208116,40929429.3176246,2.900808
2024-06-02 06:34:06.616000,50265627.64474,9335553.40672675,40937819.6741939,2.900805
2024-06-02 06:34:18.622000,50237951.4687277,9309085.39339012,40936731.4646599,2.90081
2024-06-02 06:34:30.616000,50167898.0477164,9252278.6754587,40923411.683917,2.900808
2024-06-02 06:34:42.622000,50108973.7755825,9189577.52460694,40927189.9415611,2.900808
2024-06-02 06:34:54.615000,50046287.0874987,9125581.86354221,40928485.8120614,2.900809
2024-06-02 06:35:06.623000,49980060.7279075,9068631.91221205,40919241.8112471,2.900808
2024-06-02 06:35:18.615000,49901285.4349547,8995093.78076729,40913908.1249087,2.900808
2024-06-02 06:35:30.622000,49819448.2987332,8914529.70533393,40912708.1445211,2.900809
2024-06-02 06:35:42.616000,49713315.1476019,8814626.54038925,40906384.3913888,2.900809
2024-06-02 06:35:54.623000,49630258.5725165,8722421.41938927,40915641.8670503,2.900811
2024-06-02 06:36:06.624000,49555856.7738964,8648742.49003383,40914927.2686406,2.900812
2024-06-02 06:36:18.622000,49460415.1670845,8574597.83618909,40893613.0898701,2.900808
2024-06-02 06:36:30.615000,49377182.2353067,8507183.1660812,40877774.1389474,2.90081
2024-06-02 06:36:42.623000,49310161.4066972,8446699.52416723,40871238.3338579,2.900809
2024-06-02 06:36:54.624000,49266576.3240531,8406398.35301118,40868008.8899338,2.900809
2024-06-02 06:37:06.615000,49243039.9636516,8373570.01197252,40877236.0557099,2.900811
2024-06-02 06:37:18.622000,49242550.7798347,8355368.69567676,40894937.1674848,2.900807
2024-06-02 06:37:30.616000,49239473.4428983,8355578.41510256,40891663.9030669,2.900806
2024-06-02 06:37:42.622000,49237845.4554731,8372328.67532081,40873409.0639574,2.900808
2024-06-02 06:37:54.624000,49285436.284066,8418871.31330786,40874322.8172869,2.900805
2024-06-02 06:38:06.615000,49361022.1703746,8483051.61872141,40885800.0943186,2.900808
2024-06-02 06:38:18.622000,49456062.7742123,8568830.28148355,40895063.4116207,2.900809
2024-06-02 06:38:30.622000,49542163.9564438,8648430.59190081,40901583.5938068,2.900807
2024-06-02 06:38:42.622000,49637150.5023087,8718735.41353679,40926324.6146071,2.900806
2024-06-02 06:38:54.624000,49657931.4053661,8774219.61452146,40891502.7182063,2.90081
2024-06-02 06:39:06.616000,49720738.6902279,8813618.26524316,40914991.3300078,2.90081
2024-06-02 06:39:18.622000,49723408.8835218,8841555.57983997,40889616.6552158,2.900809
2024-06-02 06:39:30.622000,49716912.5695022,8849538.76628125,40875182.6646861,2.900807
2024-06-02 06:39:42.622000,49717983.2088047,8850549.12324368,40875224.3342023,2.900806
2024-06-02 06:39:54.616000,49723298.569468,8813844.68953316,40917374.4289955,2.900809
2024-06-02 06:40:06.623000,49667326.3681451,8774898.84711392,40900196.3936243,2.900807
2024-06-02 06:40:18.622000,49617694.9257948,8723145.16398701,40902465.4846286,2.900809
2024-06-02 06:40:30.622000,49565000.5998337,8663693.92761455,40909110.715512,2.900804
2024-06-02 06:40:42.616000,49490377.501977,8594916.03368167,40903368.2362764,2.900806
2024-06-02 06:40:54.624000,49485976.4789429,8546412.46136848,40947378.4001338,2.900805
2024-06-02 06:41:06.639000,49380742.2422397,8484042.18828911,40904468.9318999,2.900805
2024-06-02 06:41:18.615000,49340819.5311302,8433643.76440333,40914951.5393141,2.900805
2024-06-02 06:41:30.622000,49292557.5116416,8386822.41199337,40913672.2094978,2.900804
2024-06-02 06:41:42.622000,49275878.4377981,8349489.43447728,40934257.1694803,2.900803
2024-06-02 06:41:54.624000,49261288.9392044,8313786.79841865,40955271.7108774,2.900804
2024-06-02 06:42:06.615000,49221022.9773991,8280632.25164584,40948307.1434949,2.900807
2024-06-02 06:42:18.622000,49202551.2909171,8241252.9483185,40969253.3730281,2.900806
2024-06-02 06:42:30.638000,49193903.0717335,8207870.57385795,40994005.4571059,2.900805
2024-06-02 06:42:42.632000,49173702.9221848,8178599.83197791,41002917.4619908,2.900809
2024-06-02 06:42:54.623000,49325047.8314678,8325871.04981023,41007007.0083873,2.90081
2024-06-02 06:43:06.638000,49291341.8291242,8308152.65672438,40991075.2483187,2.900809
2024-06-02 06:43:18.630000,49247590.8453156,8246928.27175858,41008570.7095604,2.90081
2024-06-02 06:43:30.622000,49272506.143116,8242340.75471386,41038091.4558978,2.900808
2024-06-02 06:43:42.622000,49222241.1058432,8198022.00006964,41032092.7713614,2.900809
2024-06-02 06:43:54.623000,49190124.810182,8143070.63039398,41054857.5309268,2.900805
2024-06-02 06:44:06.623000,49173713.9535902,8114042.66878654,41067572.5289049,2.900809
2024-06-02 06:44:18.622000,49137900.1037641,8065749.22176909,41079985.2455004,2.90081
2024-06-02 06:44:30.616000,49118502.5408447,8033720.27163476,41092702.8237315,2.900807
2024-06-02 06:44:42.622000,49083448.732096,7997193.88819196,41094209.8606217,2.900811
2024-06-02 06:44:54.623000,49047326.4200943,7985630.22547832,41069634.664237,2.900811
2024-06-02 06:45:06.638000,48998436.2977488,7964310.6334511,41041993.8168952,2.900808
2024-06-02 06:45:18.615000,48964377.4868088,7934283.09235433,41037912.9111013,2.900806
2024-06-02 06:45:30.622000,48955259.0329112,7914451.45130203,41048592.9959539,2.900809
2024-06-02 06:45:42.622000,48933604.3841563,7898319.39986397,41043165.5445085,2.900809
2024-06-02 06:45:54.624000,48917863.5179326,7874072.9300753,41051569.8050818,2.900806
2024-06-02 06:46:06.623000,48912143.4138845,7867641.65971745,41052416.1035188,2.900807
2024-06-02 06:46:18.622000,48869947.9593272,7832836.91992024,41044955.7502599,2.900808
2024-06-02 06:46:30.622000,48829881.3090137,7814795.86736119,41022963.9307642,2.90081
2024-06-02 06:46:42.632000,48851967.0560641,7808865.60188251,41051009.5983635,2.900807
2024-06-02 06:46:54.624000,48858663.419753,7819725.96581778,41046884.2108021,2.900806
2024-06-02 06:47:06.624000,48877235.1123223,7814109.53166449,41071048.8984954,2.900805
2024-06-02 06:47:18.615000,48908128.2926194,7830740.83547814,41085270.7833616,2.900806
2024-06-02 06:47:30.622000,48965723.9854882,7871465.29031262,41102174.4316403,2.900804
2024-06-02 06:47:42.622000,49016479.2186996,7932847.60609555,41091498.3944112,2.900805
2024-06-02 06:47:54.615000,49042678.4831526,7943375.73763981,41107264.6705778,2.900806
2024-06-02 06:48:06.624000,49055271.2091988,7947544.21617448,41115621.3533829,2.900805
2024-06-02 06:48:18.622000,49079474.1459698,7965575.07312625,41121743.7918095,2.900805
2024-06-02 06:48:30.638000,49090810.0587355,7969038.21770669,41129568.9950572,2.900802
2024-06-02 06:48:42.616000,49114432.7178145,7973470.81241242,41148792.8350923,2.900805
2024-06-02 06:48:54.624000,49116947.8817087,7975603.32390492,41149253.3969019,2.900805
2024-06-02 06:49:06.638000,49144195.4905621,7997915.75097258,41154121.0112365,2.900805
2024-06-02 06:49:18.615000,49154234.0832976,7989151.28731507,41173028.8661251,2.900805
2024-06-02 06:49:30.622000,49142419.4318474,7973459.78099183,41176950.5361443,2.900805
2024-06-02 06:49:42.616000,49124422.0567815,7952527.64406006,41179772.2286649,2.900804
2024-06-02 06:49:54.623000,49158519.3908176,7927802.13499283,41238612.992389,2.900806
2024-06-02 06:50:06.615000,49154212.0204564,7893661.24231032,41268447.8963598,2.900805
2024-06-02 06:50:18.622000,49094548.2048782,7862537.51543537,41239925.7309865,2.900806
2024-06-02 06:50:30.622000,49083147.6090258,7828483.4726912,41262637.0955649,2.900805
2024-06-02 06:50:42.622000,49052437.5853428,7800659.88670026,41259550.0346284,2.900801
2024-06-02 06:50:54.616000,49079557.6259401,7785919.27821365,41301532.0240637,2.900803
2024-06-02 06:51:06.623000,49055293.999627,7757525.76097033,41305757.0610621,2.900803
2024-06-02 06:51:18.615000,49024570.7657012,7727714.20347111,41304779.8800678,2.900805
2024-06-02 06:51:30.622000,49020185.7760173,7708173.42082629,41319884.6527085,2.900805
2024-06-02 06:51:42.646000,49027814.7119953,7688215.29762621,41347530.3217764,2.900803
2024-06-02 06:51:54.634000,49012232.1217731,7673920.85989924,41346216.653653,2.900805
2024-06-02 06:52:06.624000,49028167.0088131,7651573.27017845,41384523.2616463,2.900805
2024-06-02 06:52:18.622000,49014912.7569761,7625761.8143929,41397024.6190282,2.900805
2024-06-02 06:52:30.622000,48953059.9102869,7603978.75899234,41357003.0929356,2.900804
2024-06-02 06:52:42.623000,48919833.2600203,7592694.99076808,41335056.0741091,2.900804
2024-06-02 06:52:54.624000,48970505.4388332,7583939.77398006,41394473.1222977,2.900806
2024-06-02 06:53:06.624000,48960500.6060389,7576920.05388851,41391509.3884316,2.900804
2024-06-02 06:53:18.622000,48964338.544412,7565673.96589983,41406609.9537129,2.900807
2024-06-02 06:53:30.622000,48933793.2056791,7557719.32273972,41383946.8699206,2.900805
2024-06-02 06:53:42.615000,48923837.6670744,7549508.34320416,41382281.6019283,2.900804
2024-06-02 06:53:54.623000,48917148.0566919,7545314.55277353,41379836.8105913,2.900801
2024-06-02 06:54:06.616000,48914946.969838,7541625.38497974,41381303.5153726,2.900802
2024-06-02 06:54:18.622000,48914516.1134637,7548321.08615405,41374154.200008,2.900804
2024-06-02 06:54:30.622000,48955266.1951652,7547253.79584419,41415943.9934584,2.900804
2024-06-02 06:54:42.616000,48957052.6260632,7547713.98018344,41417244.7243973,2.900806
2024-06-02 06:54:54.624000,48968134.0179709,7542062.28960582,41434043.3086678,2.900805
2024-06-02 06:55:06.623000,48959153.7803101,7532699.00410472,41434398.0830162,2.900807
2024-06-02 06:55:18.615000,48962380.1368446,7524626.9315308,41445765.4556937,2.900808
2024-06-02 06:55:30.622000,48964917.0283187,7532413.19921443,41440367.8422123,2.900809
2024-06-02 06:55:42.642000,48973720.0898094,7526974.02690077,41454620.4179593,2.900809
2024-06-02 06:55:54.623000,48983065.0457373,7523670.15362977,41467247.8846389,2.900805
2024-06-02 06:56:06.623000,48999683.8808538,7515506.90239434,41492096.1595143,2.900805
2024-06-02 06:56:18.622000,48974929.3730533,7511766.56135107,41471017.872625,2.900805
2024-06-02 06:56:30.622000,48978464.606044,7516035.88795666,41470421.669012,2.900806
2024-06-02 06:56:42.631000,48931178.7589997,7503062.08104302,41435957.2601399,2.900805
2024-06-02 06:56:54.623000,48935277.2541682,7499759.37705547,41443423.2716171,2.900804
2024-06-02 06:57:06.625000,48908658.1138684,7494349.32716953,41422239.6886382,2.900805
2024-06-02 06:57:18.616000,48934736.0699061,7489297.80205915,41453311.9415776,2.900806
2024-06-02 06:57:30.622000,48886490.474196,7480286.33431065,41414090.2266785,2.900805
2024-06-02 06:57:42.616000,48855790.620735,7473725.03406815,41389929.6160408,2.900803
2024-06-02 06:57:54.623000,48856942.8141499,7469623.08738436,41395234.7710377,2.900805
2024-06-02 06:58:06.616000,48827317.9341597,7467368.54080161,41367876.8479784,2.900805
2024-06-02 06:58:18.622000,48832028.9244047,7460541.78791183,41379488.369255,2.900803
2024-06-02 06:58:30.630000,48826622.9546626,7457471.28814243,41377132.2098521,2.900805
2024-06-02 06:58:42.623000,48829476.5785139,7462497.56101597,41374896.1492665,2.900798
2024-06-02 06:58:54.624000,48865322.3713037,7475922.68480327,41397385.0670901,2.900801
2024-06-02 06:59:06.623000,48833231.6373196,7482163.20865747,41359050.3591765,2.900802
2024-06-02 06:59:18.622000,48854097.5909421,7494567.36447369,41367428.7317783,2.900802
2024-06-02 06:59:30.622000,48822310.5196425,7490116.18166287,41340101.1168636,2.900802
2024-06-02 06:59:42.615000,48802717.8662475,7481701.11400111,41328900.0811844,2.900805
2024-06-02 06:59:54.638000,48786678.7230984,7468880.85816238,41325704.6410942,2.900803
2024-06-02 07:00:06.624000,48769079.7221158,7469420.59641972,41307611.4805142,2.900776
2024-06-02 07:00:18.622000,48782360.1886651,7459224.03528404,41331143.5940819,2.900802
2024-06-02 07:00:30.622000,48740407.9080227,7451266.04686085,41297181.020001,2.900801
2024-06-02 07:00:42.642000,48727831.8203035,7454224.03873136,41281664.863717,2.900802
2024-06-02 07:00:54.615000,48752883.6832823,7454385.06014195,41306498.4742161,2.900804
2024-06-02 07:01:06.623000,48772713.2013836,7449978.31634148,41330743.704672,2.900802
2024-06-02 07:01:18.622000,48797444.5723016,7450043.8843549,41355435.6961479,2.900806
2024-06-02 07:01:30.622000,48788592.404037,7455869.4761866,41340753.8048072,2.900804
2024-06-02 07:01:42.622000,48773771.4186235,7456832.15521209,41325091.4832262,2.900805
2024-06-02 07:01:54.623000,48782640.6807765,7453122.15057544,41337521.1363742,2.900805
2024-06-02 07:02:06.623000,48768300.0988691,7460546.80012852,41315759.3549926,2.900804
2024-06-02 07:02:18.622000,48754571.4912142,7463564.58416356,41299146.0298593,2.900804
2024-06-02 07:02:30.622000,48768531.493844,7477568.46806318,41298971.837128,2.900805
2024-06-02 07:02:42.622000,48774472.1808161,7484262.29417775,41298200.0852178,2.900804
2024-06-02 07:02:54.638000,48759248.8151561,7482248.36976232,41285056.1430555,2.900804
2024-06-02 07:03:06.624000,48755977.7372143,7474912.65355651,41289209.0299072,2.900805
2024-06-02 07:03:18.622000,48733578.6905975,7471141.10432832,41270469.8421541,2.900804
2024-06-02 07:03:30.622000,48720296.3590119,7469344.03748475,41259032.144859,2.900806
2024-06-02 07:03:42.615000,48742844.5749216,7458381.56705412,41292581.4411581,2.900806
2024-06-02 07:03:54.623000,48709519.1540001,7450425.46824949,41267223.845527,2.900804
2024-06-02 07:04:06.623000,48723247.5123285,7446137.19295161,41285168.7721167,2.900805
2024-06-02 07:04:18.630000,48718113.6238279,7435533.64589079,41290595.6977386,2.9008
2024-06-02 07:04:30.622000,48709585.8317803,7430396.14561766,41287150.2432776,2.900802
2024-06-02 07:04:42.622000,48719651.7653905,7422514.38653366,41305307.5303632,2.900803
2024-06-02 07:04:54.623000,48710870.0133687,7412838.36285501,41306147.3259501,2.900806
2024-06-02 07:05:06.624000,48720263.7613572,7409576.79319251,41318911.5845124,2.900804
2024-06-02 07:05:18.615000,48712674.141376,7402280.19542168,41318657.8617514,2.900804
2024-06-02 07:05:30.622000,48751995.6536188,7401429.3968155,41358718.4794285,2.900804
2024-06-02 07:05:42.622000,48757362.1804982,7414221.22479795,41351208.3714693,2.900805
2024-06-02 07:05:54.634000,48768008.0308797,7424323.54075751,41351827.0630581,2.900803
2024-06-02 07:06:06.623000,48765366.0038272,7425223.98108386,41348341.1317487,2.900803
2024-06-02 07:06:18.622000,48810964.1327025,7464461.57685938,41354551.3588647,2.900804
2024-06-02 07:06:30.647000,48818868.99515,7463736.39556798,41363102.1224827,2.900801
2024-06-02 07:06:42.622000,48835035.2764511,7460161.70700379,41383093.3652142,2.900802
2024-06-02 07:06:54.624000,48839762.8240485,7458233.59073359,41389682.8461114,2.9008
2024-06-02 07:07:06.623000,48830026.4340507,7447771.03175533,41390378.6674315,2.900804
2024-06-02 07:07:18.622000,48858211.7233705,7436163.21543958,41430146.9523622,2.900804
2024-06-02 07:07:30.622000,48875614.0972,7422500.59724842,41461308.4721713,2.900803
2024-06-02 07:07:42.616000,48852091.0452917,7404548.6793634,41455643.5849721,2.900798
2024-06-02 07:07:54.623000,48843413.9398049,7389758.89762862,41461825.1993156,2.900801
2024-06-02 07:08:06.623000,48891808.8486594,7377475.39386535,41522580.831984,2.900801
2024-06-02 07:08:18.622000,48906817.4296746,7365560.53502482,41549349.1450634,2.9008
2024-06-02 07:08:30.622000,48955272.3695033,7356675.84343916,41606808.048257,2.900802
2024-06-02 07:08:42.622000,48959667.7334973,7347958.70386279,41619826.7790585,2.900804
2024-06-02 07:08:54.615000,49003154.9917264,7345595.69773856,41665733.5907336,2.9008
2024-06-02 07:09:06.624000,49037650.3033646,7343109.48703806,41702688.9134032,2.9008
2024-06-02 07:09:18.622000,49087136.5918805,7333326.43868834,41761934.802858,2.900802
2024-06-02 07:09:30.630000,49142172.0123704,7327051.85426242,41823194.4740818,2.900803
2024-06-02 07:09:42.622000,49174853.0234053,7322199.86059028,41860875.7164398,2.900802
2024-06-02 07:09:54.638000,49184592.5527569,7315893.34684682,41876916.2353209,2.900805
2024-06-02 07:10:06.624000,49215570.8769995,7310627.41312741,41913028.130171,2.9008
2024-06-02 07:10:18.622000,49232982.3042164,7308185.59268396,41933036.4960887,2.900804
2024-06-02 07:10:30.622000,49239071.6504804,7300479.45328261,41946773.3773119,2.900804
2024-06-02 07:10:42.623000,49233629.3436293,7297632.37727524,41944109.2112521,2.9008
2024-06-02 07:10:54.622000,49196695.6712991,7294408.68229155,41910333.0424941,2.900801
2024-06-02 07:11:06.624000,49222244.4766118,7293418.6109285,41936869.161311,2.900801
2024-06-02 07:11:18.622000,49259349.1450634,7293881.68781026,41973574.1864313,2.9008
2024-06-02 07:11:30.622000,49239822.6421521,7285915.41235838,41962144.262173,2.900802
2024-06-02 07:11:42.623000,49207836.5886963,7278579.75877714,41937413.8816045,2.900803
2024-06-02 07:11:54.622000,49179712.3692,7279823.99350249,41908029.5725113,2.900802
2024-06-02 07:12:06.623000,49175482.2202557,7278086.98356075,41905545.3993569,2.900801
2024-06-02 07:12:18.622000,49143418.9579296,7284051.78981537,41867444.9341941,2.900802
2024-06-02 07:12:30.622000,49160616.960413,7297009.58562494,41871667.2147909,2.900802
2024-06-02 07:12:42.642000,49113573.0347769,7297098.07939388,41824609.2547477,2.900803
2024-06-02 07:12:54.615000,49087302.8130171,7311101.76503034,41784445.67016,2.9008
2024-06-02 07:13:06.624000,49053077.4086192,7316751.47657492,41744420.2480625,2.900801
2024-06-02 07:13:18.622000,49001373.0690247,7311614.96428056,41697895.1675761,2.900801
2024-06-02 07:13:30.622000,48990264.4131742,7310992.3776226,41687387.7249767,2.900801
2024-06-02 07:13:42.616000,48968741.4140154,7315037.93949468,41661810.1953149,2.900803
2024-06-02 07:13:54.622000,48943303.2657865,7303268.54435429,41648217.2861161,2.900802
2024-06-02 07:14:06.623000,48906783.7101602,7299535.09408777,41615420.8387887,2.900802
2024-06-02 07:14:18.622000,48865404.5104063,7296141.10299803,41577342.5496319,2.900803
2024-06-02 07:14:30.622000,48844460.7617541,7297503.96872592,41554997.3197095,2.900805
2024-06-02 07:14:42.632000,48813948.1330004,7287692.65348503,41534369.0921551,2.900804
2024-06-02 07:14:54.615000,48812988.3990783,7283842.68637247,41537253.8096335,2.900804
2024-06-02 07:15:06.623000,48802767.5076401,7290455.58043371,41520375.2061928,2.900805
2024-06-02 07:15:18.622000,48807440.4276612,7299563.81013382,41515906.813325,2.900801
2024-06-02 07:15:30.630000,48806640.3704906,7307057.84124528,41507613.4117392,2.900802
2024-06-02 07:15:42.623000,48788764.2068518,7320204.31598031,41476703.8483509,2.900801
2024-06-02 07:15:54.622000,48773039.4281024,7321657.23995354,41459377.2267572,2.900799
2024-06-02 07:16:06.638000,48794865.1388807,7330731.98108521,41472226.100464,2.900799
2024-06-02 07:16:18.616000,48769376.9888917,7345811.27475568,41431619.3572874,2.900799
2024-06-02 07:16:30.622000,48763900.140582,7347045.19239189,41424948.583114,2.900798
2024-06-02 07:16:42.622000,48781985.6591285,7357147.68339768,41432890.237176,2.9008
2024-06-02 07:16:54.630000,48743110.865968,7358265.30612245,41392939.8786542,2.9008
2024-06-02 07:17:06.615000,48762609.7241551,7366378.27466038,41404185.1256741,2.900797
2024-06-02 07:17:18.622000,48739250.1169505,7373165.80707591,41374167.6000302,2.900799
2024-06-02 07:17:30.622000,48749818.4982201,7399665.88504267,41358106.2866149,2.900798
2024-06-02 07:17:42.616000,48761064.7962854,7416079.50085477,41352943.1029175,2.900799
2024-06-02 07:17:54.622000,48752884.4619124,7428371.68078748,41332536.7717399,2.900801
2024-06-02 07:18:06.623000,48769718.6982901,7432473.80033094,41345275.7859901,2.9008
2024-06-02 07:18:18.630000,48774113.9263852,7437125.51317687,41344943.4518649,2.900803
2024-06-02 07:18:30.622000,48782289.8327598,7430232.44990946,41360067.5952161,2.900797
2024-06-02 07:18:42.622000,48762167.940626,7423019.65768742,41347079.8907473,2.900799
2024-06-02 07:18:54.622000,48785493.1153522,7420874.64087518,41372503.190497,2.900802
2024-06-02 07:19:06.625000,48773883.3335229,7411910.99417781,41369948.0729275,2.900799
2024-06-02 07:19:18.615000,48796922.7778011,7409667.96033367,41395389.8203184,2.900798
2024-06-02 07:19:30.622000,48806481.248787,7409164.16476978,41405331.4276515,2.900799
2024-06-02 07:19:42.642000,48821241.3200639,7414041.44168555,41415176.9908911,2.900799
2024-06-02 07:19:54.630000,48829144.7775976,7408746.75649933,41428402.7067007,2.900801
2024-06-02 07:20:06.622000,48805592.9398787,7410281.99117485,41403254.2746829,2.9008
2024-06-02 07:20:18.622000,48833525.1196395,7409727.94382787,41431760.5017654,2.900798
2024-06-02 07:20:30.622000,48832984.0044126,7404941.39547711,41436045.2289024,2.9008
2024-06-02 07:20:42.622000,48833535.5763927,7406714.0099283,41434859.3491451,2.9008
2024-06-02 07:20:54.622000,48813960.5674161,7397496.34497254,41424435.1297694,2.900799
2024-06-02 07:21:06.616000,48801847.4897106,7386251.59050897,41423595.7585508,2.900801
2024-06-02 07:21:18.622000,48761389.4364386,7380233.46646893,41389246.1464105,2.900802
2024-06-02 07:21:30.622000,48769404.3022615,7380916.98841699,41396500.275786,2.9008
2024-06-02 07:21:42.623000,48746458.9078875,7373078.46111418,41381400.9928296,2.9008
2024-06-02 07:21:54.622000,48743568.4143793,7369559.64921413,41382125.8335198,2.900801
2024-06-02 07:22:06.622000,48703854.7602164,7356187.23505181,41355726.6729247,2.900803
2024-06-02 07:22:18.622000,48691290.4401233,7353319.30732236,41346033.7334412,2.900801
2024-06-02 07:22:30.622000,48716503.52765,7348613.03682642,41375913.8002715,2.900798
2024-06-02 07:22:42.623000,48674853.8334253,7335489.52013238,41347388.306674,2.9008
2024-06-02 07:22:54.622000,48672856.4469907,7333010.20441581,41347957.789619,2.900803
2024-06-02 07:23:06.622000,48626916.712631,7332064.94760066,41302939.8786542,2.9008
2024-06-02 07:23:18.615000,48634869.5051441,7335077.44749387,41307847.065848,2.900804
2024-06-02 07:23:30.622000,48640551.7927992,7327415.65341135,41321208.3981,2.900799
2024-06-02 07:23:42.622000,48607721.5887193,7321966.82158934,41293827.0174938,2.900802
2024-06-02 07:23:54.622000,48616772.6660514,7324380.18024664,41300450.9441007,2.900803
2024-06-02 07:24:06.615000,48607755.1020408,7319176.08935466,41296613.3480419,2.9008
2024-06-02 07:24:18.622000,48585636.6618611,7319626.77907696,41274097.301367,2.900802
2024-06-02 07:24:30.638000,48592680.2311912,7321496.60680046,41279169.0022277,2.900802
2024-06-02 07:24:42.623000,48589415.1305105,7319497.61462438,41277906.3437995,2.900801
2024-06-02 07:24:54.615000,48572354.6204275,7314278.14987781,41266126.6552744,2.900803
2024-06-02 07:25:06.622000,48569906.2327634,7309390.51296194,41268560.3971318,2.9008
2024-06-02 07:25:18.615000,48543700.1108313,7302001.34100707,41249724.8177661,2.900805
2024-06-02 07:25:30.622000,48526044.5035239,7298372.45122387,41235676.7296239,2.900804
2024-06-02 07:25:42.641000,48501494.5871847,7293887.44695,41215633.8887087,2.900801
2024-06-02 07:25:54.622000,48480275.1237243,7284222.58104994,41204082.7301672,2.900804
2024-06-02 07:26:06.616000,48472421.075275,7279266.21672213,41201278.8187543,2.900802
2024-06-02 07:26:18.622000,48473055.2195375,7277877.19469402,41203308.1874226,2.900803
2024-06-02 07:26:30.630000,48473965.4757546,7274113.848515,41207892.1622365,2.900802
2024-06-02 07:26:42.622000,48475895.9763541,7273959.40846704,41210018.470754,2.900802
2024-06-02 07:26:54.622000,48463115.5834329,7271382.94370011,41199860.0388513,2.900805
2024-06-02 07:27:06.622000,48452382.6350032,7271830.09106795,41188634.4495882,2.900801
2024-06-02 07:27:18.615000,48443077.4661628,7267039.94274687,41184042.2062588,2.900802
2024-06-02 07:27:30.622000,48445112.918811,7267169.30944246,41185948.2949709,2.900801
2024-06-02 07:27:42.642000,48440121.3458356,7264884.16988417,41183160.5074462,2.9008
2024-06-02 07:27:54.615000,48442801.9856591,7263539.0237176,41187388.306674,2.9008
2024-06-02 07:28:06.622000,48461891.7326628,7262766.3876288,41207150.7145785,2.900801
2024-06-02 07:28:18.622000,48466778.4978085,7272741.12469586,41202045.5032781,2.900802
2024-06-02 07:28:30.647000,48502647.1989471,7277612.19138707,41233170.6886578,2.900802
2024-06-02 07:28:42.623000,48487076.1647723,7268396.37162538,41226752.7301923,2.900803
2024-06-02 07:28:54.622000,48488410.9675838,7270002.13389189,41226443.8502029,2.900803
2024-06-02 07:29:06.638000,48508168.6058437,7274376.97380827,41241861.1273231,2.900801
2024-06-02 07:29:18.622000,48503027.2631218,7275161.89471543,41235872.1113622,2.900805
2024-06-02 07:29:30.622000,48484632.8704958,7276980.64190524,41215760.3311084,2.900802
2024-06-02 07:29:42.622000,48470948.3791034,7275193.54992171,41203816.0481136,2.900802
2024-06-02 07:29:54.622000,48496033.684466,7275655.05137715,41228388.1394221,2.900803
2024-06-02 07:30:06.615000,48479514.4513533,7275656.62036107,41211869.4112419,2.900801
2024-06-02 07:30:18.622000,48442635.7511105,7270146.04566663,41180472.3171671,2.900805
2024-06-02 07:30:30.622000,48444428.6633736,7275680.56155485,41176755.5397592,2.900803
2024-06-02 07:30:42.622000,48424340.1400646,7278387.89577376,41154063.0962784,2.900805
2024-06-02 07:30:54.622000,48422596.8842464,7274572.90333345,41156100.3541428,2.900807
2024-06-02 07:31:06.622000,48421929.3383085,7276127.20317925,41153755.7811479,2.900808
2024-06-02 07:31:18.615000,48403198.0055212,7275211.59621733,41135959.3602886,2.900808
2024-06-02 07:31:30.622000,48414042.1662117,7276889.25078065,41145105.1880064,2.900806
2024-06-02 07:31:42.622000,48401366.7915974,7274358.04093204,41135029.9640652,2.900808
2024-06-02 07:31:54.622000,48390264.3509401,7271145.26563852,41127160.9964551,2.900803
2024-06-02 07:32:06.630000,48373071.9987093,7274793.66051182,41106320.2521234,2.900802
2024-06-02 07:32:18.622000,48378598.7461399,7271587.65058767,41115068.1776971,2.900802
2024-06-02 07:32:30.622000,48325725.0925778,7268165.83827507,41065484.6487282,2.900802
2024-06-02 07:32:42.622000,48333209.8043197,7276491.37152713,41064753.4493035,2.900803
2024-06-02 07:32:54.622000,48373242.9859053,7287488.08088246,41093918.1647007,2.900802
2024-06-02 07:33:06.647000,48374307.6481289,7285366.35225926,41096999.0702568,2.900801
2024-06-02 07:33:18.615000,48349492.0718532,7278936.46037443,41078498.2370405,2.900804
2024-06-02 07:33:30.622000,48345189.9353386,7277092.58436371,41076168.2196275,2.900803
2024-06-02 07:33:42.646000,48338918.4515741,7275801.46745523,41071129.2455471,2.900804
2024-06-02 07:33:54.622000,48302024.1650496,7274783.06853866,41035231.3033538,2.900801
2024-06-02 07:34:06.622000,48305052.3993381,7269223.66243795,41043924.4346387,2.9008
2024-06-02 07:34:18.622000,48302344.1809156,7266759.51461666,41043571.4285714,2.9008
2024-06-02 07:34:30.622000,48297131.8257033,7269015.44401544,41036172.0904578,2.9008
2024-06-02 07:34:42.623000,48283623.7301352,7264672.06816324,41026979.7893754,2.900801
2024-06-02 07:34:54.622000,48304131.1692874,7263609.60300276,41048513.152057,2.900801
2024-06-02 07:35:06.622000,48314859.1320607,7261025.05445046,41061949.0747731,2.900802
2024-06-02 07:35:18.622000,48310314.1820779,7255927.15393881,41062393.089911,2.900802
2024-06-02 07:35:30.622000,48312647.1143862,7251749.51496206,41069005.6963518,2.900804
2024-06-02 07:35:42.646000,48299177.8483406,7250031.11207483,41057158.3109918,2.900803
2024-06-02 07:35:54.622000,48280457.5146951,7246357.64648616,41042152.8107907,2.900803
2024-06-02 07:36:06.622000,48298146.2042433,7243875.40699909,41062419.5697401,2.900805
2024-06-02 07:36:18.616000,48272663.7166799,7242885.76546364,41037858.4695829,2.900804
2024-06-02 07:36:30.647000,48304274.3681663,7248466.02819978,41063995.0386152,2.900803
2024-06-02 07:36:42.617000,48319806.5088162,7251013.16738394,41076970.3847623,2.900804
2024-06-02 07:36:54.622000,48321621.0672555,7259018.10014806,41070649.0094991,2.900805
2024-06-02 07:37:06.638000,48335692.1071111,7275954.46912767,41067928.4790649,2.900801
2024-06-02 07:37:18.615000,48322503.4697253,7267552.53539878,41063059.0256639,2.900806
2024-06-02 07:37:30.622000,48314571.9894995,7259065.67314935,41063481.3439718,2.900805
2024-06-02 07:37:42.616000,48310297.7418996,7258380.70243357,41060029.9710321,2.900801
2024-06-02 07:37:54.622000,48314373.7490529,7262208.17553215,41060349.5171335,2.900802
2024-06-02 07:38:06.622000,48331996.1183189,7269715.82026369,41070431.1389425,2.900805
2024-06-02 07:38:18.622000,48314947.1663718,7271606.07886641,41051515.3729794,2.900804
2024-06-02 07:38:30.622000,48323176.6089677,7266903.93421962,41064380.7716757,2.900804
2024-06-02 07:38:42.622000,48323132.9288472,7269560.81081081,41061770.5460563,2.9008
2024-06-02 07:38:54.622000,48319210.811899,7257186.62825892,41070186.0587616,2.900804
2024-06-02 07:39:06.622000,48275394.2790284,7248146.97733488,41035498.815672,2.900801
2024-06-02 07:39:18.622000,48262377.0038848,7237430.46322001,41033140.133956,2.900803
2024-06-02 07:39:30.622000,48256822.7683241,7231883.45843667,41033101.8801007,2.900802
2024-06-02 07:39:42.622000,48236116.6076715,7227657.57355547,41016689.166176,2.900804
2024-06-02 07:39:54.622000,48236232.3561908,7227047.66435524,41017320.3645195,2.900805
2024-06-02 07:40:06.622000,48254009.5780342,7229050.9803489,41033258.3656117,2.900804
2024-06-02 07:40:18.622000,48268493.83826,7233744.8514274,41042943.9562273,2.900804
2024-06-02 07:40:30.615000,48245636.7269212,7236392.39328131,41017367.5987761,2.900804
2024-06-02 07:40:42.622000,48243662.1019552,7236450.30825937,41015288.1752783,2.900804
2024-06-02 07:40:54.631000,48241146.937194,7237359.0218436,41011796.7294585,2.900804
2024-06-02 07:41:06.630000,48263871.6714401,7235893.22132761,41036214.7873486,2.900804
2024-06-02 07:41:18.622000,48239552.8963694,7226881.23706393,41020751.4882081,2.900804
2024-06-02 07:41:30.647000,48233220.7783701,7220825.25367958,41020549.8128968,2.900805
2024-06-02 07:41:42.622000,48213121.530058,7220774.92282315,41000538.8159494,2.900805
2024-06-02 07:41:54.622000,48201941.2549073,7207261.84878399,41002712.3514722,2.900804
2024-06-02 07:42:06.622000,48170887.7952457,7204325.42150383,40974678.7442378,2.900804
2024-06-02 07:42:18.623000,48200738.9680509,7203323.77046072,41005625.340854,2.900802
2024-06-02 07:42:30.622000,48199365.623495,7202572.6687215,41004988.6221082,2.900801
2024-06-02 07:42:42.622000,48180286.6931283,7200364.5888275,40988190.1625826,2.900802
2024-06-02 07:42:54.630000,48181373.3517053,7199115.69252768,40990440.916147,2.900801
2024-06-02 07:43:06.615000,48198124.3137681,7200361.96848806,41006013.1584164,2.900805
2024-06-02 07:43:18.622000,48181251.7559781,7199600.11100367,40989876.9479507,2.900805
2024-06-02 07:43:30.630000,48168102.4185372,7197531.16637014,40978766.2243868,2.900803
2024-06-02 07:43:42.622000,48177137.0360986,7196964.98041061,40988467.6839705,2.900805
2024-06-02 07:43:54.622000,48180485.1966852,7197896.58242907,40990812.5439749,2.900803
2024-06-02 07:44:06.622000,48169277.2072846,7190600.950633,40986915.3517439,2.900804
2024-06-02 07:44:18.622000,48156966.1376639,7190614.05044946,40974626.344972,2.900804
2024-06-02 07:44:30.622000,48141135.9463542,7188214.58587717,40961178.375941,2.900806
2024-06-02 07:44:42.622000,48147821.0868435,7185140.3955593,40970886.6921033,2.900804
2024-06-02 07:44:54.615000,48141064.2907745,7186789.87384536,40962524.5406017,2.900805
2024-06-02 07:45:06.622000,48120303.1572271,7180541.9530096,40947929.9711632,2.900805
2024-06-02 07:45:18.616000,48138234.6360858,7185881.72187946,40960582.3482914,2.900807
2024-06-02 07:45:30.622000,48136155.3086126,7183364.61775266,40960982.8995744,2.900805
2024-06-02 07:45:42.622000,48130474.1270096,7182033.95264418,40956664.0984141,2.900805
2024-06-02 07:45:54.622000,48127076.4494683,7177116.0074531,40958123.0037869,2.900805
2024-06-02 07:46:06.622000,48129674.3043141,7173944.06933797,40964002.4186381,2.900806
2024-06-02 07:46:18.622000,48122211.5929888,7175742.59558984,40954849.4297273,2.900805
2024-06-02 07:46:30.622000,48116530.2908707,7170700.02564803,40953985.2344588,2.900808
2024-06-02 07:46:42.630000,48120369.3457506,7174797.34073817,40953641.4891728,2.900805
2024-06-02 07:46:54.630000,48113805.611268,7173018.80925508,40948933.5033091,2.900806
2024-06-02 07:47:06.622000,48128096.9000319,7168243.01124792,40967993.7010567,2.900804
2024-06-02 07:47:18.622000,48127368.9138383,7171875.91569504,40963612.1320931,2.900802
2024-06-02 07:47:30.615000,48133397.4534655,7177566.91676966,40964044.1187877,2.900805
2024-06-02 07:47:42.622000,48144853.5338109,7176977.70895399,40976056.9993305,2.900806
2024-06-02 07:47:54.622000,48138256.6512503,7179039.77098795,40967366.3337939,2.900808
2024-06-02 07:48:06.622000,48145096.1249417,7179930.55727921,40973375.6939446,2.900808
2024-06-02 07:48:18.622000,48151384.0281742,7177979.37678054,40981560.999556,2.900808
2024-06-02 07:48:30.616000,48143430.6293809,7187557.37635407,40964122.003459,2.900803
2024-06-02 07:48:42.622000,48163595.9109296,7187155.56986576,40984490.5174631,2.900806
2024-06-02 07:48:54.622000,48160512.6852718,7191434.10191309,40977204.6035497,2.900805
2024-06-02 07:49:06.622000,48151571.7711366,7196001.52233657,40963735.5712416,2.900804
2024-06-02 07:49:18.615000,48159508.8259983,7193861.01444254,40973875.8723872,2.900805
2024-06-02 07:49:30.622000,48163844.061325,7194779.93537661,40977201.1719497,2.900807
2024-06-02 07:49:42.622000,48151168.9678079,7198850.52676721,40960529.9490797,2.900807
2024-06-02 07:49:54.622000,48135046.7905083,7192895.61990098,40950333.0458266,2.900802
2024-06-02 07:50:06.615000,48137832.1795724,7197134.03495515,40948848.9911242,2.900803
2024-06-02 07:50:18.622000,48132834.9426004,7195286.27073262,40945804.3169426,2.900803
2024-06-02 07:50:30.631000,48112641.9521222,7186630.45599114,40934323.6801409,2.900802
2024-06-02 07:50:42.622000,48130446.5934272,7192058.4775807,40946578.9484571,2.900804
2024-06-02 07:50:54.622000,48126420.1235244,7185152.11644772,40949507.7916329,2.900804
2024-06-02 07:51:06.622000,48117048.8881535,7183674.18699292,40941711.0078065,2.900805
2024-06-02 07:51:18.622000,48124351.688583,7181700.25217138,40950927.7597081,2.900805
2024-06-02 07:51:30.615000,48123910.4744754,7177357.72565123,40954761.5074993,2.900804
2024-06-02 07:51:42.622000,48121003.7358621,7181257.05192666,40948007.8447244,2.900803
2024-06-02 07:51:54.622000,48124611.141754,7176820.87699945,40956116.9332598,2.9008
2024-06-02 07:52:06.622000,48128361.7427181,7179977.1235679,40956612.688491,2.900802
2024-06-02 07:52:18.622000,48105934.7684297,7177132.96037926,40937216.0270049,2.900804
2024-06-02 07:52:30.622000,48110297.7347996,7174714.03607898,40943973.0998624,2.900803
2024-06-02 07:52:42.622000,48092796.4059595,7176533.93785581,40924649.1142794,2.900802
2024-06-02 07:52:54.616000,48124434.4671339,7179757.74992037,40952966.1431796,2.900804
2024-06-02 07:53:06.622000,48125576.349429,7195467.73460158,40938438.7277859,2.900801
2024-06-02 07:53:18.622000,48110898.9476362,7186485.25942644,40932710.0116761,2.900803
2024-06-02 07:53:30.622000,48098301.090526,7184125.6314633,40922520.047904,2.900802
2024-06-02 07:53:42.622000,48118422.4224887,7183275.52173503,40943534.9258584,2.900802
2024-06-02 07:53:54.630000,48094748.9694229,7185390.79882046,40917721.3749853,2.900802
2024-06-02 07:54:06.616000,48077214.4284087,7175954.26097239,40909604.0581839,2.900805
2024-06-02 07:54:18.622000,48078571.3473131,7165986.79744884,40920994.6349338,2.900803
2024-06-02 07:54:30.622000,48061919.406454,7160597.25531172,40909626.7481797,2.900803
2024-06-02 07:54:42.623000,48071400.9682153,7153396.59631943,40926340.0005723,2.900801
2024-06-02 07:54:54.622000,48033430.7546672,7154080.83695475,40887721.3956692,2.900802
2024-06-02 07:55:06.622000,48053535.5394819,7154964.04097901,40906965.7287881,2.900802
2024-06-02 07:55:18.623000,48052084.9241296,7158847.50453409,40901560.6379066,2.900801
2024-06-02 07:55:30.622000,48078532.8185328,7162380.7225593,40924600.1103144,2.9008
2024-06-02 07:55:42.622000,48086194.0939092,7166720.1001654,40927839.9559846,2.900802
2024-06-02 07:55:54.622000,48076458.8551718,7158136.26714267,40926673.3820509,2.900802
2024-06-02 07:56:06.616000,48060948.619762,7153309.22047818,40915977.7771956,2.900804
2024-06-02 07:56:18.622000,48040187.5067654,7144631.03652025,40903838.3178169,2.900802
2024-06-02 07:56:30.630000,48064131.2078069,7144285.22033382,40928165.0632601,2.900803
2024-06-02 07:56:42.622000,48030954.1981838,7126224.40276862,40912977.8592265,2.900802
2024-06-02 07:56:54.622000,48035344.6959342,7127491.24983668,40916198.7215264,2.900803
2024-06-02 07:57:06.622000,48023667.9291906,7128259.3130247,40903758.0283804,2.900803
2024-06-02 07:57:18.622000,48033392.0986098,7139356.440934,40902364.3773489,2.900806
2024-06-02 07:57:30.622000,48003877.5496837,7132646.46557968,40879533.618473,2.900801
2024-06-02 07:57:42.622000,48026304.4223931,7140223.48968648,40894394.4870476,2.900805
2024-06-02 07:57:54.622000,48077435.1635979,7151615.01943774,40934119.9206702,2.900801
2024-06-02 07:58:06.615000,48081070.021694,7150204.37458481,40939335.0319446,2.900801
2024-06-02 07:58:18.622000,48066249.2420202,7155706.88530038,40918920.7264333,2.900803
2024-06-02 07:58:30.622000,48072570.2503755,7160524.8615642,40920409.9692396,2.900803
2024-06-02 07:58:42.622000,48092647.5135661,7176763.93520273,40924354.3421283,2.900801
2024-06-02 07:58:54.622000,48099525.6137874,7183839.22233893,40924001.3361827,2.900801
2024-06-02 07:59:06.622000,48115714.2458238,7185190.57322443,40938984.783858,2.900801
2024-06-02 07:59:18.622000,48100915.5399093,7180123.97950636,40929119.6020963,2.900802
2024-06-02 07:59:30.622000,48077418.6164442,7178945.40163217,40906828.1485011,2.900801
2024-06-02 07:59:42.630000,48069591.7887536,7173298.97042266,40904627.0652047,2.900802
2024-06-02 07:59:54.622000,48081434.0871484,7178963.04467733,40910830.1158301,2.9008
2024-06-02 08:00:06.622000,48068720.8505026,7172019.65403087,40905100.3196038,2.900779
2024-06-02 08:00:18.622000,48077788.1695435,7172385.83411961,40913744.8587476,2.900801
2024-06-02 08:00:30.622000,48089040.1419744,7171051.88768355,40926380.4103966,2.900804
2024-06-02 08:00:42.622000,48055410.8447175,7170860.90614878,40892811.7859738,2.900804
2024-06-02 08:00:54.622000,48075896.1998122,7173163.71599046,40911063.2776292,2.900804
2024-06-02 08:01:06.616000,48076337.4831038,7186779.66066637,40897889.3085811,2.900803
2024-06-02 08:01:18.622000,48080358.4109785,7198642.85901426,40890026.351315,2.900804
2024-06-02 08:01:30.622000,48119955.7915363,7224861.26250602,40903468.764845,2.900802
2024-06-02 08:01:42.622000,48136646.2068288,7247480.61314015,40897612.9040042,2.900805
2024-06-02 08:01:54.622000,48168648.5323714,7275306.62209968,40901687.1885775,2.900802
2024-06-02 08:02:06.622000,48232432.1119248,7311320.58560316,40929604.3441749,2.900804
2024-06-02 08:02:18.622000,48252002.0325413,7342991.35204678,40917412.4948893,2.900802
2024-06-02 08:02:30.622000,48282189.6434812,7374945.74774347,40915656.055,2.900801
2024-06-02 08:02:42.622000,48331957.8516562,7412106.0313665,40928234.3296785,2.900802
2024-06-02 08:02:54.615000,48367286.1392422,7463622.6338863,40912054.2912113,2.900801
2024-06-02 08:03:06.622000,48404688.2223221,7497545.67790069,40915540.2249241,2.900801
2024-06-02 08:03:18.622000,48423579.7021511,7520580.5295091,40911445.118588,2.9008
2024-06-02 08:03:30.622000,48475967.3524995,7571425.02561359,40912922.0726392,2.900804
2024-06-02 08:03:42.619000,48509177.4556295,7610251.50268684,40907389.8133069,2.900804
2024-06-02 08:03:54.622000,48511091.4077614,7638842.88631704,40880754.4391141,2.900804
2024-06-02 08:04:06.638000,48557903.2571659,7672385.31110685,40893970.0855349,2.900804
2024-06-02 08:04:18.622000,48613600.9189177,7716400.00496414,40905619.2696921,2.900804
2024-06-02 08:04:30.622000,48661493.6198745,7753363.63526676,40916526.2746031,2.900805
2024-06-02 08:04:42.622000,48701091.6291426,7781613.49861176,40927939.2388726,2.900802
2024-06-02 08:04:54.622000,48720931.411061,7807307.14908941,40922034.3470411,2.900803
2024-06-02 08:05:06.622000,48718560.1494208,7824107.89295784,40902787.8851393,2.900801
2024-06-02 08:05:18.622000,48725455.0468836,7849567.70546056,40884282.9564258,2.9008
2024-06-02 08:05:30.633000,48784058.4886121,7872587.73774443,40919949.0899764,2.900804
2024-06-02 08:05:42.622000,48783596.7895731,7877829.48002584,40914153.9672876,2.900798
2024-06-02 08:05:54.622000,48796579.9791161,7879598.08342592,40925286.4984534,2.900801
2024-06-02 08:06:06.615000,48824599.5417819,7875861.91680784,40957175.2915228,2.900802
2024-06-02 08:06:18.622000,48782360.1886651,7856614.82583093,40934171.9979509,2.900802
2024-06-02 08:06:30.622000,48798255.3814354,7840211.30678853,40966429.330331,2.900806
2024-06-02 08:06:42.622000,48741658.6976172,7816168.33390444,40933831.4937297,2.900806
2024-06-02 08:06:54.622000,48691284.6860972,7794834.66986027,40904809.0838327,2.900802
2024-06-02 08:07:06.622000,48683292.1780624,7766230.24727981,40925465.1212096,2.900803
2024-06-02 08:07:18.623000,48645090.3422259,7733375.89626045,40920186.5828186,2.900803
2024-06-02 08:07:30.615000,48604902.8493145,7701045.53808032,40912199.828806,2.900803
2024-06-02 08:07:42.622000,48590997.5303399,7664224.12544936,40935133.8456511,2.900804
2024-06-02 08:07:54.622000,48534174.6633002,7637230.22996383,40905379.3362116,2.900804
2024-06-02 08:08:06.622000,48502426.2239021,7608184.48954152,40902734.5522138,2.900804
2024-06-02 08:08:18.622000,48475007.9460784,7574210.16670562,40909276.8137915,2.900802
2024-06-02 08:08:30.622000,48471384.4456702,7550693.60176503,40929167.12631,2.9008
2024-06-02 08:08:42.630000,48407407.4712467,7520485.54864674,40895396.8231533,2.900801
2024-06-02 08:08:54.630000,48397551.2945059,7501009.03268687,40904995.1082426,2.900798
2024-06-02 08:09:06.622000,48399740.898973,7485787.88120101,40922325.1938518,2.900799
2024-06-02 08:09:18.623000,48402790.6765095,7465089.30978398,40946171.4381057,2.900802
2024-06-02 08:09:30.633000,48374881.0243233,7454086.33402544,40929224.0803667,2.900803
2024-06-02 08:09:42.622000,48365503.9323554,7443502.25420107,40930301.4403583,2.900806
2024-06-02 08:09:54.622000,48353198.7522076,7431514.6530116,40930051.4374813,2.900803
2024-06-02 08:10:06.622000,48326872.3615055,7418438.76279732,40916888.5018695,2.900802
2024-06-02 08:10:18.622000,48302983.6910676,7410696.96908063,40900790.5741962,2.900803
2024-06-02 08:10:30.622000,48287445.7262725,7401790.19272237,40894110.4279674,2.900805
2024-06-02 08:10:42.622000,48280689.1746871,7385658.38493686,40903446.3905339,2.900803
2024-06-02 08:10:54.622000,48255239.6698431,7378734.78481648,40884927.3804529,2.900803
2024-06-02 08:11:06.622000,48240876.8333723,7364276.50008515,40885002.1476819,2.900802
2024-06-02 08:11:18.623000,48238477.4147021,7359595.25689956,40887392.9046543,2.900803
2024-06-02 08:11:30.623000,48226193.9194078,7355253.01097662,40879339.9620726,2.900803
2024-06-02 08:11:42.622000,48237594.9823532,7352573.52966525,40893424.6460117,2.900802
2024-06-02 08:11:54.622000,48181731.8107199,7337621.8025222,40852635.9262025,2.900802
2024-06-02 08:12:06.623000,48176000.9211243,7334710.42328624,40849728.8509423,2.900803
2024-06-02 08:12:18.622000,48182266.8980051,7334917.49347853,40855807.7579262,2.900801
2024-06-02 08:12:30.622000,48189790.5989285,7340420.58096447,40857841.4828752,2.900797
2024-06-02 08:12:42.623000,48184164.4319375,7340415.51999983,40852236.9181732,2.900799
2024-06-02 08:12:54.622000,48187964.6345958,7338629.57162522,40857826.5106776,2.900801
2024-06-02 08:13:06.622000,48171152.7854385,7339882.79095422,40839806.949807,2.9008
2024-06-02 08:13:18.622000,48157567.4046118,7342124.232497,40823940.1296813,2.900803
2024-06-02 08:13:30.622000,48164241.5319079,7338738.50705374,40833868.989979,2.900801
2024-06-02 08:13:42.622000,48145813.5686707,7337137.34142306,40817294.5394374,2.9008
2024-06-02 08:13:54.622000,48135466.0783232,7353610.72807501,40790372.3110866,2.9008
2024-06-02 08:14:06.630000,48165708.8271197,7365769.22427235,40808414.5092438,2.900799
2024-06-02 08:14:18.622000,48183061.4138114,7372826.15777664,40818723.9575882,2.900797
2024-06-02 08:14:30.622000,48152002.3110882,7365918.61963501,40794523.4380333,2.900798
2024-06-02 08:14:42.622000,48159437.5065068,7369778.93669259,40798094.8690671,2.900798
2024-06-02 08:14:54.622000,48156960.8924989,7378038.94720041,40787416.156721,2.900799
2024-06-02 08:15:06.622000,48164760.0661886,7388931.32928847,40784202.9784887,2.9008
2024-06-02 08:15:18.630000,48183232.2749698,7405775.44324857,40786037.2262952,2.900799
2024-06-02 08:15:30.622000,48197038.1263921,7413254.76187768,40792286.5389846,2.900799
2024-06-02 08:15:42.622000,48222156.5698578,7426474.27382988,40804161.3333696,2.900801
2024-06-02 08:15:54.622000,48250485.3833425,7447694.429123,40811329.2884721,2.9008
2024-06-02 08:16:06.623000,48281141.6570802,7469536.17293982,40820162.4309975,2.900801
2024-06-02 08:16:18.622000,48309283.0630457,7487190.94290918,40830626.3205413,2.900799
2024-06-02 08:16:30.633000,48307049.301606,7494643.88764747,40820910.6597564,2.900798
2024-06-02 08:16:42.622000,48292928.9481967,7493529.88607622,40807959.4622033,2.900799
2024-06-02 08:16:54.622000,48325482.8498917,7488216.69071752,40845883.098375,2.900798
2024-06-02 08:17:06.622000,48288775.5102041,7483492.82956426,40813927.1924986,2.9008
2024-06-02 08:17:18.622000,48257689.002237,7469575.79618581,40796671.5377384,2.900799
2024-06-02 08:17:30.622000,48269134.2175498,7463167.03196845,40814619.9769856,2.900798
2024-06-02 08:17:42.622000,48257970.3929746,7456836.36020157,40809782.6873846,2.900798
2024-06-02 08:17:54.638000,48304379.5864519,7450965.06169507,40862049.3870827,2.900799
2024-06-02 08:18:06.622000,48284804.5846726,7447354.45029571,40846051.9112685,2.900796
2024-06-02 08:18:18.622000,48288764.7774043,7447917.24481237,40849548.5895773,2.900797
2024-06-02 08:18:30.622000,48291610.8917653,7437819.33034266,40862427.8086333,2.900797
2024-06-02 08:18:42.630000,48295339.6240205,7430305.33687995,40873809.8094454,2.900796
2024-06-02 08:18:54.616000,48304352.1127635,7422390.66629252,40890736.9627254,2.900798
2024-06-02 08:19:06.622000,48275543.2034118,7407003.78964293,40877189.4383655,2.900801
2024-06-02 08:19:18.622000,48275973.524545,7401639.54771098,40883050.1930502,2.9008
2024-06-02 08:19:30.633000,48290551.972631,7403072.12227265,40896173.326218,2.900796
2024-06-02 08:19:42.618000,48270044.0326655,7400373.89672715,40878424.9591751,2.900801
2024-06-02 08:19:54.622000,48257335.996048,7394986.69159773,40871100.6863971,2.900799
2024-06-02 08:20:06.638000,48276337.5620519,7394498.06949807,40890568.1191396,2.9008
2024-06-02 08:20:18.616000,48279790.4991004,7390341.76445869,40898180.1220974,2.900799
2024-06-02 08:20:30.622000,48304087.0435442,7396799.02206322,40916042.155253,2.900801
2024-06-02 08:20:42.622000,48289327.1819247,7394546.12332671,40903497.277819,2.900799
2024-06-02 08:20:54.630000,48296657.3715329,7394830.60023766,40910675.3617363,2.900801
2024-06-02 08:21:06.622000,48299608.4871789,7394031.78227792,40914443.2275383,2.900799
2024-06-02 08:21:18.622000,48292322.1180364,7404024.40706012,40897192.4986211,2.9008
2024-06-02 08:21:30.622000,48307793.818186,7418853.2194061,40897766.4429697,2.900799
2024-06-02 08:21:42.622000,48324302.4850403,7430267.1195995,40902786.0609391,2.900798
2024-06-02 08:21:54.622000,48342041.0521519,7437110.06419613,40913709.9515375,2.900798
2024-06-02 08:22:06.622000,48345289.6943222,7448022.42416658,40906034.5098023,2.900799
2024-06-02 08:22:18.622000,48350596.0603241,7466963.04498384,40892391.9874435,2.900797
2024-06-02 08:22:30.633000,48355857.9397807,7469874.15187131,40894719.3151678,2.900798
2024-06-02 08:22:42.622000,48331445.3471079,7478065.00142375,40862187.5773494,2.900798
2024-06-02 08:22:54.622000,48359393.7664007,7498733.45109411,40869411.0168381,2.900796
2024-06-02 08:23:06.622000,48335907.6833022,7501585.25398365,40843153.1058533,2.900797
2024-06-02 08:23:18.630000,48440265.0580978,7559546.02836875,40889636.5758664,2.900798
2024-06-02 08:23:30.622000,48417998.5142004,7557970.83213395,40868917.6587798,2.900795
2024-06-02 08:23:42.622000,48444589.3854036,7580309.96987725,40873169.3830456,2.900798
2024-06-02 08:23:54.638000,48473034.1351015,7598404.16271804,40883500.6379281,2.900797
2024-06-02 08:24:06.622000,48494314.1449155,7631011.49857194,40872155.391884,2.900795
2024-06-02 08:24:18.622000,48542769.6397816,7660831.02706981,40890784.4605412,2.900796
2024-06-02 08:24:30.647000,48540475.0971802,7685945.51288681,40863238.9178694,2.900796
2024-06-02 08:24:42.622000,48589415.9432735,7751103.57601721,40847182.3433353,2.900797
2024-06-02 08:24:54.622000,48618091.9871015,7791901.40092485,40834909.5662642,2.900798
2024-06-02 08:25:06.622000,48656696.7629931,7808703.60800842,40856754.8849506,2.900797
2024-06-02 08:25:18.638000,48760006.5637156,7900005.37783422,40868768.4345952,2.900796
2024-06-02 08:25:30.622000,48763299.4529777,7922593.66049871,40849438.5678965,2.900796
2024-06-02 08:25:42.622000,48829493.4116383,7977098.70769999,40861197.8018455,2.900797
2024-06-02 08:25:54.622000,48955054.0455289,8122643.62011104,40841118.383064,2.900795
2024-06-02 08:26:06.622000,49243619.598338,8381540.65934293,40870935.815226,2.900797
2024-06-02 08:26:18.622000,49275181.0192789,8413729.88655528,40870307.3225418,2.900796
2024-06-02 08:26:30.622000,49342869.563089,8495731.34555779,40855999.2305563,2.900797
2024-06-02 08:26:42.622000,49425373.2938316,8545022.43865309,40889300.1167265,2.900798
2024-06-02 08:26:54.622000,49487915.5708479,8604077.70410842,40892703.0104464,2.900799
2024-06-02 08:27:06.622000,49532136.1680945,8649749.70671853,40891291.6002051,2.900797
2024-06-02 08:27:18.622000,49561452.2491577,8684567.72397379,40885740.0224835,2.900797
2024-06-02 08:27:30.622000,49594745.1683106,8717033.28430083,40886506.7083288,2.900797
2024-06-02 08:27:42.623000,49575473.766511,8724202.5981834,40860039.7959733,2.900796
2024-06-02 08:27:54.622000,49546233.8294497,8702103.35224997,40853025.9604426,2.900798
2024-06-02 08:28:06.622000,49513602.8086065,8670805.75758809,40851729.7653956,2.900798
2024-06-02 08:28:18.622000,49501512.8600864,8631419.57193144,40878958.4379741,2.900797
2024-06-02 08:28:30.622000,49428682.7279942,8579418.49104971,40858125.2469148,2.900798
2024-06-02 08:28:42.623000,49354199.3301149,8522076.00948154,40840966.410599,2.900796
2024-06-02 08:28:54.622000,49335057.9150579,8481114.17539989,40862779.9227799,2.9008
2024-06-02 08:29:06.622000,49299536.6795367,8448516.27137342,40859884.1698842,2.9008
2024-06-02 08:29:18.622000,49247926.5195555,8423458.5022954,40833254.5619328,2.900799
2024-06-02 08:29:30.622000,49237132.2521829,8406752.7601878,40839247.3935629,2.900799
2024-06-02 08:29:42.622000,49171439.6028682,8380941.11969112,40799362.9343629,2.9008
2024-06-02 08:29:54.622000,49207716.0756632,8380210.84521138,40836240.748676,2.900801
2024-06-02 08:30:06.623000,49216727.5003758,8396730.01002481,40828777.1252384,2.900804
2024-06-02 08:30:18.622000,49287975.286826,8450911.31725341,40845998.053641,2.900801
2024-06-02 08:30:30.622000,49298285.0587028,8460634.46657283,40846489.5361588,2.900799
2024-06-02 08:30:42.622000,49315190.2923332,8478501.10314396,40845576.3927193,2.9008
2024-06-02 08:30:54.622000,49287671.9223415,8445904.42432969,40850678.1402792,2.900801
2024-06-02 08:31:06.638000,49242675.5524943,8383472.27781036,40867976.0300524,2.900799
2024-06-02 08:31:18.615000,49148217.6308483,8325075.61701902,40832001.6326519,2.900802
2024-06-02 08:31:30.622000,49113595.0976333,8287033.62482733,40835476.2457154,2.900803
2024-06-02 08:31:42.646000,49046630.6168165,8219816.75387256,40835786.5663173,2.900798
2024-06-02 08:31:54.622000,49006083.4921113,8167970.1572083,40846957.7885556,2.900801
2024-06-02 08:32:06.615000,48946437.1712759,8124369.87188702,40830874.528018,2.900799
2024-06-02 08:32:18.622000,48930391.6161059,8095543.29840044,40843745.1737452,2.9008
2024-06-02 08:32:30.622000,48909499.0100996,8068548.0576545,40849788.5236368,2.900797
2024-06-02 08:32:42.630000,48896636.0291203,8042837.86737305,40862725.3604008,2.900798
2024-06-02 08:32:54.622000,48816222.0133143,7996611.27847879,40828386.93753,2.900799
2024-06-02 08:33:06.647000,48794854.1074373,7966387.19194263,40837358.2588797,2.900799
2024-06-02 08:33:18.616000,48776498.3209787,7926843.55368542,40858580.590093,2.900797
2024-06-02 08:33:30.622000,48730027.578599,7909906.23276338,40829062.3276338,2.9008
2024-06-02 08:33:42.622000,48720282.0466237,7892261.33369553,40836865.1787767,2.900797
2024-06-02 08:33:54.630000,48716525.5905444,7897262.75321481,40828169.3520197,2.900798
2024-06-02 08:34:06.622000,48676519.8140237,7869750.36877771,40815733.8719436,2.900799
2024-06-02 08:34:18.622000,48656547.1594043,7854469.11196911,40810970.766685,2.9008
2024-06-02 08:34:30.622000,48669398.7865417,7836300.33094319,40842126.3099835,2.9008
2024-06-02 08:34:42.622000,48634301.8241162,7807133.33760801,40836105.3253549,2.900802
2024-06-02 08:34:54.622000,48618720.3530061,7781795.36679537,40845841.1472697,2.9008
2024-06-02 08:35:06.622000,48602018.9609828,7760330.86056635,40850670.4532096,2.900799
2024-06-02 08:35:18.630000,48571400.7958491,7736249.40145842,40844122.7095551,2.900801
2024-06-02 08:35:30.622000,48539635.9624931,7720130.30888031,40828565.9128516,2.9008
2024-06-02 08:35:42.622000,48537887.2938888,7709942.18493444,40836924.6976956,2.900801
2024-06-02 08:35:54.622000,48560529.5091009,7724231.93601765,40845259.2388307,2.9008
2024-06-02 08:36:06.622000,48543137.8828552,7721104.81132293,40830909.234443,2.900803
2024-06-02 08:36:18.616000,48539359.4327642,7718475.29167776,40829855.4469726,2.900804
2024-06-02 08:36:30.622000,48554588.5053208,7715153.35581217,40848407.8374161,2.900803
2024-06-02 08:36:42.622000,48525526.0265775,7708136.089167,40826228.866204,2.900804
2024-06-02 08:36:54.622000,48497054.0915739,7687956.74852791,40817966.6113142,2.900803
2024-06-02 08:37:06.622000,48538631.7301215,7698423.40152827,40849105.8679634,2.900802
2024-06-02 08:37:18.622000,48587777.16492,7736520.95973525,40860157.1980143,2.9008
2024-06-02 08:37:30.622000,48539222.283508,7738778.26806398,40809354.6607832,2.9008
2024-06-02 08:37:42.618000,48586893.8404663,7754559.08086172,40841250.9083689,2.900804
2024-06-02 08:37:54.622000,48574180.3217937,7765148.47785251,40818032.7998833,2.900803
2024-06-02 08:38:06.630000,48562646.9636166,7753566.85717713,40818043.8313115,2.900803
2024-06-02 08:38:18.623000,48549376.3448867,7741552.85331436,40816706.552188,2.900802
2024-06-02 08:38:30.622000,48560324.6548198,7746690.91741462,40822594.0118671,2.900804
2024-06-02 08:38:42.622000,48577197.4174048,7753750.25467086,40832426.0558197,2.900803
2024-06-02 08:38:54.622000,48601085.9751593,7756122.70119688,40853862.8786581,2.900803
2024-06-02 08:39:06.622000,48588614.9455858,7750373.94817918,40847221.9588852,2.900803
2024-06-02 08:39:18.622000,48578576.545383,7747990.38334916,40839500.248552,2.900802
2024-06-02 08:39:30.622000,48570060.2798812,7728830.85436372,40850082.1496952,2.900802
2024-06-02 08:39:42.622000,48551383.3051917,7723501.67505169,40836688.8375162,2.900806
2024-06-02 08:39:54.622000,48571649.2002206,7732338.66519581,40848130.1709873,2.9008
2024-06-02 08:40:06.622000,48567092.4336839,7748329.08393673,40827632.6149578,2.900804
2024-06-02 08:40:18.622000,48576971.2731268,7768593.73077041,40817172.3484842,2.900803
2024-06-02 08:40:30.622000,48594980.2847626,7769499.60734997,40834345.8119513,2.900802
2024-06-02 08:40:42.622000,48568967.7758304,7773002.24351594,40805018.1949556,2.900804
2024-06-02 08:40:54.622000,48574031.397513,7766004.10300183,40816973.7827767,2.900803
2024-06-02 08:41:06.622000,48589690.5098347,7772305.80635776,40826331.1917424,2.900803
2024-06-02 08:41:18.622000,48592448.1626473,7790467.05671945,40810831.7556098,2.900804
2024-06-02 08:41:30.622000,48606188.0106991,7793403.41277915,40821573.8883337,2.900803
2024-06-02 08:41:42.619000,48660992.1459679,7828651.58371665,40841193.2833771,2.900803
2024-06-02 08:41:54.622000,48693750.9286235,7867047.66514329,40835700.784508,2.900799
2024-06-02 08:42:06.622000,48716343.0777717,7874783.50799779,40850537.7826806,2.9008
2024-06-02 08:42:18.622000,48794749.582701,7953938.19218022,40849675.158353,2.900798
2024-06-02 08:42:30.622000,48854241.8830122,7993277.0247094,40869865.1647356,2.900799
2024-06-02 08:42:42.622000,48897545.8141016,8014386.38113154,40892054.9131463,2.900799
2024-06-02 08:42:54.622000,48866949.2092187,8016241.02575771,40859574.6969287,2.900802
2024-06-02 08:43:06.622000,48835399.313707,7990563.9888555,40853843.8680062,2.900802
2024-06-02 08:43:18.622000,48815041.0869274,7960893.56008909,40863096.779131,2.900801
2024-06-02 08:43:30.633000,48784434.6387204,7929738.00330943,40863651.4065086,2.9008
2024-06-02 08:43:42.622000,48728934.9635032,7883171.6194349,40854751.2032879,2.900802
2024-06-02 08:43:54.622000,48720374.5722735,7873245.39903103,40856044.6386896,2.900802
2024-06-02 08:44:06.623000,48716386.9565682,7871097.67267731,40854326.78767,2.900801
2024-06-02 08:44:18.622000,48737335.6531524,7882204.94959841,40864089.608353,2.900801
2024-06-02 08:44:30.622000,48792194.7102905,7937995.0786024,40863248.1637837,2.900802
2024-06-02 08:44:42.622000,48866326.2319615,7997927.46899908,40877305.2684414,2.900801
2024-06-02 08:44:54.630000,48875123.5003285,8030752.87454987,40853399.8528683,2.900802
2024-06-02 08:45:06.622000,48940809.8378277,8079073.27729598,40870688.5645113,2.900803
2024-06-02 08:45:18.630000,49018393.8723174,8133495.44936351,40893780.1015788,2.900803
2024-06-02 08:45:30.622000,49058123.5609588,8167899.02657988,40899185.5013939,2.900803
2024-06-02 08:45:42.622000,49079199.1045238,8181859.9884239,40906220.7947248,2.900803
2024-06-02 08:45:54.622000,49097609.8014172,8199230.21368207,40907381.2269353,2.900805
2024-06-02 08:46:06.622000,49115099.7343497,8218361.37956141,40905789.6322608,2.900806
2024-06-02 08:46:18.630000,49158013.5424617,8260152.19239369,40906860.9301841,2.900802
2024-06-02 08:46:30.622000,49209567.6889691,8343603.93063305,40874871.6304612,2.900805
2024-06-02 08:46:42.638000,49320902.3012578,8436429.19810191,40893346.5020917,2.900805
2024-06-02 08:46:54.616000,49593028.7033721,8682097.99404235,40919895.1051241,2.900809
2024-06-02 08:47:06.622000,49908473.7138575,8978911.37842379,40938459.1730712,2.900806
2024-06-02 08:47:18.622000,49991365.8390453,9070665.60535135,40929665.3374945,2.900803
2024-06-02 08:47:30.622000,50159652.8138549,9253964.15549191,40914573.0825939,2.900807
2024-06-02 08:47:42.622000,50760238.8854952,9819465.9135881,40949728.4201208,2.900804
2024-06-02 08:47:54.622000,51529504.8827775,10543594.7501524,40994889.6996975,2.900808
2024-06-02 08:48:06.647000,52449695.395214,11417962.8572453,41040722.4469872,2.900808
2024-06-02 08:48:18.622000,52912587.7428549,11873020.1192358,41048759.5516557,2.900806
2024-06-02 08:48:34.195000,52019378.9148225,12375645.5870538,39652633.2995976,0.287529
2024-06-02 08:48:42.622000,54033127.3217669,12915349.1027328,41126924.6361703,2.900808
2024-06-02 08:48:58.119000,53681912.8145352,13528564.0552782,40162436.1360961,0.344874
2024-06-02 08:49:06.622000,55105253.4328367,13925245.6556932,41189059.0483755,2.900808
2024-06-02 08:49:22.023000,54594442.5412419,14364069.5188972,40239555.0365978,0.414506
2024-06-02 08:49:30.622000,56002881.9566417,14795573.7834334,41216552.4972878,2.900807
2024-06-02 08:49:45.912000,55843911.6013268,15383814.8903009,40469224.3136315,0.50046
2024-06-02 08:49:54.622000,57055179.4724709,15816936.459406,41247410.1172536,2.900807
2024-06-02 08:50:09.774000,57085178.4745126,16535522.0640421,40558874.462489,0.598825
2024-06-02 08:50:18.622000,58285525.5696264,16974472.9480265,41320491.3808408,2.900805
2024-06-02 08:50:33.605000,58675224.7400039,17840252.3944164,40844434.3491633,0.717607
2024-06-02 08:50:42.622000,59243265.7532887,17879605.2270972,41372955.870556,2.900807
2024-06-02 08:50:57.412000,59141641.5689764,18160005.7609507,40991074.0107948,0.860969
2024-06-02 08:51:06.622000,59234028.5878969,17869643.2166486,41373702.7752268,2.900808
2024-06-02 08:51:21.173000,58862618.150559,17784937.9092433,41087012.2477745,1.033004
2024-06-02 08:51:30.622000,58729080.627302,17405888.8501257,41332540.9093479,2.900804
2024-06-02 08:51:44.885000,58176239.7316418,17096502.0347494,41088983.0440237,1.241922
2024-06-02 08:51:54.622000,58063277.585609,16755525.1885166,41317035.3343174,2.900806
2024-06-02 08:52:08.541000,57648396.8645864,16466791.3091686,41190856.5406812,1.491733
2024-06-02 08:52:18.622000,57533559.982984,16244602.36224,41298185.4008851,2.900806
2024-06-02 08:52:30.638000,57320938.6343814,16040077.0819185,41289912.8174544,2.90081
2024-06-02 08:52:42.622000,57226665.9680103,15948102.6997324,41287788.2905648,2.900806
2024-06-02 08:52:58.196000,55437290.8942943,15833045.8311017,39613329.2062852,0.287534
2024-06-02 08:53:06.622000,57134439.392597,15861369.707554,41282235.4039856,2.900809
2024-06-02 08:53:22.120000,55491089.4993534,15714513.1265332,39785840.6258518,0.344874
2024-06-02 08:53:30.622000,56890417.3529702,15657074.6199505,41242664.2802035,2.900806
2024-06-02 08:53:46.023000,55543141.4034436,15428439.4307482,40124359.1815859,0.414509
2024-06-02 08:53:54.622000,56690648.9502235,15438086.2159784,41261761.5505749,2.900808
2024-06-02 08:54:09.913000,55568454.747813,15189804.6205306,40387705.7598779,0.500462
2024-06-02 08:54:18.622000,56356678.5530101,15153708.8976589,41212324.2903357,2.900808
2024-06-02 08:54:33.774000,55442713.8388884,14919085.1447914,40532861.7447109,0.598827
2024-06-02 08:54:42.622000,56111781.2692188,14888123.584877,41232953.0255019,2.900808
2024-06-02 08:54:57.605000,55405142.8977538,14697216.1797966,40717023.5684793,0.717611
2024-06-02 08:55:06.622000,55966481.0400971,14771588.3102834,41204228.0662685,2.900806
2024-06-02 08:55:21.411000,55447461.7060717,14636385.3876781,40820500.5505406,0.860972
2024-06-02 08:55:30.622000,55929517.5446005,14721125.5350666,41217699.764238,2.900807
2024-06-02 08:55:45.173000,55548128.6580278,14604768.4322005,40952656.4324174,1.033002
2024-06-02 08:55:54.622000,55845309.1469437,14600671.1929964,41254021.5560853,2.900805
2024-06-02 08:56:08.884000,55433150.4987423,14390399.0904435,41052231.8595985,1.241924
2024-06-02 08:56:18.622000,55575422.5380274,14339050.8286668,41245737.3886688,2.900804
2024-06-02 08:56:32.541000,55199044.3490164,14099801.7104651,41108616.8131828,1.491758
2024-06-02 08:56:42.622000,55212563.9520313,13951616.9121214,41270203.774329,2.900807
2024-06-02 08:56:54.622000,55021234.450437,13749675.6934713,41280902.3702041,2.900805
2024-06-02 08:57:06.622000,54829911.8141952,13539228.2216638,41300054.7778601,2.900807
2024-06-02 08:57:18.622000,54670098.8173972,13337183.2991187,41342366.6878677,2.900805
2024-06-02 08:57:30.622000,54510341.7844357,13175368.9062174,41344264.0922089,2.900805
2024-06-02 08:57:42.622000,54409492.5374164,13043844.0363968,41375110.7020293,2.900805
2024-06-02 08:57:54.622000,54275023.8468452,12918285.0403836,41365985.9011453,2.900803
2024-06-02 08:58:06.623000,54157512.8283356,12787993.6776171,41378742.797258,2.900805
2024-06-02 08:58:18.622000,54041605.692213,12673943.9569361,41377021.8956462,2.900805
2024-06-02 08:58:30.622000,53916152.9010578,12557037.2903512,41368481.2900148,2.900804
2024-06-02 08:58:42.622000,53792829.0890488,12399074.3252817,41403090.1098765,2.900803
2024-06-02 08:58:54.623000,53669411.0772699,12263227.6212982,41415471.9121072,2.900805
2024-06-02 08:59:06.622000,53593674.8592201,12134741.9078497,41468124.8825757,2.900805
2024-06-02 08:59:18.622000,53438389.192521,11984760.0977108,41462928.5791604,2.900806
2024-06-02 08:59:30.622000,53323647.7560735,11828223.0330308,41504744.8848735,2.900808
2024-06-02 08:59:42.630000,53234734.5980844,11655871.0538581,41588236.1052507,2.900808
2024-06-02 08:59:54.622000,53124754.9818912,11503871.68256,41630162.099775,2.900806
2024-06-02 09:00:06.622000,53083506.1891995,11344766.3541414,41748173.16314,2.900779
2024-06-02 09:00:18.622000,53074326.6093378,11210959.7163546,41872561.5820436,2.900805
2024-06-02 09:00:30.653000,53071701.1312377,11107089.2390216,41973832.7809005,2.900805
2024-06-02 09:00:42.622000,53072462.2992583,11017958.1185223,42063749.8901167,2.900805
2024-06-02 09:00:54.622000,53047089.7358731,10902460.0782818,42153887.0974303,2.900802
2024-06-02 09:01:06.622000,52962857.5260023,10781373.9850655,42190700.9886573,2.900803
2024-06-02 09:01:18.630000,52900000.8963026,10682689.5697265,42226462.5762633,2.900806
2024-06-02 09:01:30.622000,52955249.6480286,10578773.3331862,42385631.0181591,2.900804
2024-06-02 09:01:42.639000,53119882.6256445,10484152.6693979,42644982.5634548,2.900804
2024-06-02 09:01:54.622000,53225942.453905,10383279.8137069,42851989.0168419,2.900805
2024-06-02 09:02:06.623000,53346846.8235542,10295109.1162626,43060937.9120624,2.900805
2024-06-02 09:02:18.622000,53454175.1499411,10199521.0986188,43263909.4100054,2.900806
2024-06-02 09:02:30.622000,53502424.6701004,10100447.9098403,43411232.8052159,2.900807
2024-06-02 09:02:42.622000,53565147.3658374,10030533.5616835,43543967.0602122,2.900808
2024-06-02 09:02:54.622000,53597702.9840317,9970342.73565942,43636579.7517725,2.900807
2024-06-02 09:03:06.622000,53582364.0618256,9915325.54422843,43676249.7569639,2.900804
2024-06-02 09:03:18.622000,53403528.125306,9783004.98758275,43629846.0702619,2.900804
2024-06-02 09:03:30.622000,53250474.4375954,9672391.4033459,43587414.9330375,2.900803
2024-06-02 09:03:42.622000,53040953.0865032,9583271.13799712,43466916.6200992,2.900807
2024-06-02 09:03:54.622000,52877404.7204138,9494483.77260795,43392269.3872908,2.900805
2024-06-02 09:04:06.622000,52650220.4386573,9426204.50102334,43233356.786577,2.900807
2024-06-02 09:04:18.622000,52458207.664281,9352386.42212322,43115113.8286691,2.900807
2024-06-02 09:04:30.622000,52188659.1597927,9288234.17475407,42909771.3464662,2.900808
2024-06-02 09:04:42.622000,51946496.2312186,9223798.22152816,42731980.9501156,2.900805
2024-06-02 09:04:54.622000,51792808.0727852,9162852.55694276,42639203.9735136,2.900808
2024-06-02 09:05:06.615000,51632197.5229652,9109337.50504601,42532122.957508,2.900807
2024-06-02 09:05:18.622000,51498311.6755521,9057614.00714629,42449962.6827726,2.900805
2024-06-02 09:05:30.622000,51382128.7539149,9009133.67151532,42382271.1281868,2.900805
2024-06-02 09:05:42.622000,51262614.3432599,8961972.96957224,42309954.6505194,2.900805
2024-06-02 09:05:54.615000,51188932.1680928,8926204.22689855,42272079.8344458,2.900803
2024-06-02 09:06:06.622000,51099442.0171497,8881120.62647416,42227601.5700464,2.900806
2024-06-02 09:06:18.622000,51054636.6142881,8851763.06414571,42212144.0898069,2.900802
2024-06-02 09:06:30.647000,50961534.8020756,8812389.9443051,42158452.6221006,2.900804
2024-06-02 09:06:42.622000,50883935.2413797,8783347.92124801,42110061.2485577,2.900803
2024-06-02 09:06:54.622000,50839858.1910395,8759374.29760853,42089770.9738404,2.900804
2024-06-02 09:07:06.646000,50752218.091185,8738601.87085999,42023049.4638557,2.900805
2024-06-02 09:07:18.616000,50688534.6269517,8723737.28111241,41974100.9733853,2.900804
2024-06-02 09:07:30.622000,50586023.3328254,8704906.15366902,41890415.2845795,2.900806
2024-06-02 09:07:42.622000,50528646.3190096,8691129.9571947,41846831.0047301,2.900809
2024-06-02 09:07:54.622000,50468963.4536057,8669878.64752073,41808435.3107378,2.900806
2024-06-02 09:08:06.622000,50409674.2734005,8642764.58240759,41776264.3292022,2.900807
2024-06-02 09:08:18.622000,50347089.1700752,8613608.2914915,41742873.443751,2.900805
2024-06-02 09:08:30.622000,50308588.7163774,8580547.61331851,41737381.9552221,2.900806
2024-06-02 09:08:42.622000,50240413.0159597,8561087.80725922,41688610.8973776,2.900808
2024-06-02 09:08:54.622000,50194262.3592246,8536746.12840763,41666798.4689788,2.900809
2024-06-02 09:09:06.622000,50153564.2162902,8515241.6259481,41647713.0838808,2.900806
2024-06-02 09:09:18.638000,50082646.599621,8502821.10955944,41589148.4065307,2.900809
2024-06-02 09:09:30.623000,50053017.660258,8491237.78314104,41571198.6354142,2.900807
2024-06-02 09:09:42.622000,50033793.3197969,8487310.78560816,41555896.456507,2.90081
2024-06-02 09:09:54.622000,49977307.7096769,8481253.3331219,41505477.9545982,2.900809
2024-06-02 09:10:06.622000,49932183.0798984,8475945.6841365,41465532.7305132,2.90081
2024-06-02 09:10:18.616000,49912162.404406,8470386.18205686,41451209.456124,2.900808
2024-06-02 09:10:30.622000,49874948.5918918,8466931.44356036,41417462.1062346,2.900807
2024-06-02 09:10:42.622000,49837690.628053,8465539.57762084,41381695.9838059,2.900806
2024-06-02 09:10:54.630000,49798611.8340903,8461289.03484066,41346792.5810964,2.900806
2024-06-02 09:11:06.615000,49743610.3921534,8447598.66574922,41305436.6996185,2.900804
2024-06-02 09:11:18.622000,49738987.6258487,8439802.05494682,41308649.1508392,2.900805
2024-06-02 09:11:30.622000,49706963.4118805,8434908.24098828,41281509.0983365,2.900805
2024-06-02 09:11:42.622000,49685815.5974581,8448552.57469821,41246699.0208928,2.900806
2024-06-02 09:11:54.615000,49696135.487861,8456164.25228023,41249346.5609213,2.900806
2024-06-02 09:12:06.622000,49695063.6874058,8455554.29537071,41248890.2233825,2.900809
2024-06-02 09:12:18.630000,49666687.6953122,8466542.21845315,41209498.7425904,2.900805
2024-06-02 09:12:30.615000,49653190.7522222,8468096.95929233,41194396.7278049,2.900805
2024-06-02 09:12:42.622000,49674558.0366284,8485611.24046213,41198312.4690172,2.900806
2024-06-02 09:12:54.622000,49664736.2816434,8486619.04996651,41187549.7922472,2.900803
2024-06-02 09:13:06.622000,49663544.8873984,8491680.40711486,41181176.384608,2.900803
2024-06-02 09:13:18.623000,49649490.2792467,8501426.5010666,41157463.9306896,2.900804
2024-06-02 09:13:30.622000,49664090.943094,8518762.5633316,41154736.8090836,2.900803
2024-06-02 09:13:42.639000,49695452.7089731,8549975.79981274,41154868.7881015,2.900804
2024-06-02 09:13:54.622000,49681135.0791953,8568482.78510564,41121924.2126833,2.900802
2024-06-02 09:14:06.622000,49707763.1898732,8591826.06207587,41125284.8778184,2.900805
2024-06-02 09:14:18.622000,49745822.1927438,8614025.62875672,41141112.6018856,2.900804
2024-06-02 09:14:30.634000,49772694.742561,8639541.31337381,41142513.5927832,2.900804
2024-06-02 09:14:42.622000,49835573.2288106,8688186.89984332,41156724.4264954,2.900805
2024-06-02 09:14:54.622000,49859903.6680865,8715717.43557993,41153633.2685697,2.900804
2024-06-02 09:15:06.622000,49919738.7757804,8746114.78269983,41182968.9916896,2.900803
2024-06-02 09:15:18.622000,49927311.1868296,8777851.93346397,41158798.7330409,2.900804
2024-06-02 09:15:30.622000,49975623.9910122,8822067.54474537,41162889.0345191,2.900803
2024-06-02 09:15:42.622000,50005124.1036955,8861448.56591285,41152972.972973,2.9008
2024-06-02 09:15:54.622000,50036119.6413132,8901949.94215397,41143550.546676,2.900804
2024-06-02 09:16:06.622000,50094194.5750213,8930399.98565915,41173128.5533252,2.900804
2024-06-02 09:16:18.647000,50129930.1400818,8963669.05048771,41175737.0798796,2.900805
2024-06-02 09:16:30.622000,50244413.4492276,8995946.64379486,41257909.6982011,2.900806
2024-06-02 09:16:42.622000,50291888.7315379,9024126.41460781,41277196.2531767,2.900804
2024-06-02 09:16:54.622000,50325977.4365848,9066463.68831792,41268959.4119144,2.900802
2024-06-02 09:17:06.622000,50378156.109931,9109179.46140412,41278534.6948878,2.900802
2024-06-02 09:17:18.622000,50426207.3549264,9156950.96945537,41278776.5047208,2.900804
2024-06-02 09:17:30.622000,50440776.0336624,9204757.85662034,41245547.9553586,2.900802
2024-06-02 09:17:42.630000,50502588.9374118,9266897.03957937,41245149.96532,2.900804
2024-06-02 09:17:54.622000,50550990.1913367,9305727.41409878,41254722.9163787,2.900803
2024-06-02 09:18:06.615000,50561104.2452009,9324855.68661113,41245836.2420087,2.900805
2024-06-02 09:18:18.622000,50595752.0009129,9378212.43166974,41226957.6575573,2.900801
2024-06-02 09:18:30.622000,50656657.4738003,9430389.54771098,41235816.3265306,2.9008
2024-06-02 09:18:42.622000,50719821.6217446,9497802.33190683,41231471.8481303,2.900802
2024-06-02 09:18:54.622000,50789184.634992,9542085.47369191,41256605.507655,2.900799
2024-06-02 09:19:06.622000,50793313.0217092,9583055.99623828,41219706.8259054,2.900802
2024-06-02 09:19:18.622000,50837632.777981,9623581.9003096,41223559.975331,2.900801
2024-06-02 09:19:30.622000,50843887.6020796,9655460.68137731,41197796.0570201,2.900801
2024-06-02 09:19:42.647000,50891866.8382513,9698042.23175445,41203211.6624259,2.900803
2024-06-02 09:19:54.622000,50923118.8743255,9727352.04700216,41205139.4045028,2.900803
2024-06-02 09:20:06.622000,50931336.2778044,9773562.0883038,41167270.8669734,2.900804
2024-06-02 09:20:18.630000,50962076.3629933,9812733.92229669,41158768.7960885,2.900803
2024-06-02 09:20:30.615000,50981838.1386678,9861399.11555555,41129990.168243,2.900804
2024-06-02 09:20:42.622000,51020933.5067106,9891807.92635421,41138591.9214121,2.900804
2024-06-02 09:20:54.622000,51032951.1980295,9930406.21482658,41112019.5945608,2.900805
2024-06-02 09:21:06.653000,51033301.8248057,9950791.53971902,41092012.4848232,2.900802
2024-06-02 09:21:18.615000,51083772.7523442,9995286.81742968,41098003.3094319,2.9008
2024-06-02 09:21:30.622000,51140028.6610689,10045079.3040124,41104349.5257686,2.900799
2024-06-02 09:21:42.622000,51181990.077913,10114684.8749707,41076665.3762185,2.900801
2024-06-02 09:21:54.638000,51237876.4478765,10168626.5857694,41078734.1423056,2.9008
2024-06-02 09:22:06.622000,51298665.1958081,10212195.256481,41095857.6944291,2.9008
2024-06-02 09:22:18.622000,51333459.5054673,10252806.2095995,41090129.9952186,2.900799
2024-06-02 09:22:30.622000,51358925.5925695,10310864.696244,41057443.8284073,2.900799
2024-06-02 09:22:42.622000,51430188.7169707,10353230.9546439,41086257.9585831,2.900799
2024-06-02 09:22:54.622000,51465667.7704993,10384892.1780942,41090203.3299757,2.900802
2024-06-02 09:23:06.622000,51471246.5526751,10410210.9762824,41070438.4997242,2.9008
2024-06-02 09:23:18.622000,51466250.0465388,10426309.395602,41049413.8866328,2.900804
2024-06-02 09:23:30.622000,51478585.5773679,10448099.5255795,41039872.421489,2.900802
2024-06-02 09:23:42.622000,51521858.2427981,10461334.6984716,41069851.9893616,2.900805
2024-06-02 09:23:54.630000,51511401.6665724,10455428.908675,41065370.8420148,2.900804
2024-06-02 09:24:06.622000,51518565.3637525,10443125.2703991,41084912.6363199,2.900805
2024-06-02 09:24:18.622000,51471411.5564473,10424833.7961359,41055968.946551,2.900805
2024-06-02 09:24:30.622000,51454687.9228352,10398656.9245434,41065461.4839674,2.900805
2024-06-02 09:24:42.622000,51403085.2836266,10367478.2465407,41045040.2871205,2.900803
2024-06-02 09:24:54.616000,51372878.9077515,10343599.1043865,41038754.4147228,2.900805
2024-06-02 09:25:06.622000,51358097.9618065,10318659.2406795,41048945.0510962,2.900804
2024-06-02 09:25:18.646000,51337226.5068581,10303135.2687048,41043523.1060079,2.900804
2024-06-02 09:25:30.616000,51282248.1506838,10264649.569326,41027084.2339463,2.900802
2024-06-02 09:25:42.622000,51268068.2541335,10242699.4428445,41034895.8186104,2.900806
2024-06-02 09:25:54.622000,51251807.9457916,10225298.0723289,41036015.5074141,2.900806
2024-06-02 09:26:06.630000,51222400.410369,10203879.33828,41028026.7125942,2.900804
2024-06-02 09:26:18.616000,51214289.0138658,10190541.0986341,41033283.8987287,2.900802
2024-06-02 09:26:30.622000,51204687.2489922,10175755.2900814,41038425.8719818,2.900806
2024-06-02 09:26:42.622000,51163344.8335774,10165704.8656788,41007162.14241,2.900808
2024-06-02 09:26:54.616000,51140220.7318313,10150321.7210395,40999438.4317457,2.900805
2024-06-02 09:27:06.622000,51137127.4998242,10138168.5905011,41008572.7956801,2.900804
2024-06-02 09:27:18.622000,51127430.8777842,10137459.821484,40999527.0276792,2.900804
2024-06-02 09:27:30.634000,51110385.0281353,10140372.9521605,40979481.1846797,2.900801
2024-06-02 09:27:42.622000,51108840.784251,10142893.3889409,40975519.2177622,2.900806
2024-06-02 09:27:54.622000,51100396.2347017,10123795.9380944,40986147.9878351,2.900806
2024-06-02 09:28:06.616000,51085192.6173546,10132725.3177827,40961965.3592471,2.900803
2024-06-02 09:28:18.622000,51119342.6930308,10134330.9411246,40994559.4431341,2.900806
2024-06-02 09:28:30.654000,51119127.4410068,10124764.1599682,41003868.9313745,2.900801
2024-06-02 09:28:42.621000,51103166.023166,10128644.5118588,40984120.2426917,2.9008
2024-06-02 09:28:54.622000,51122355.2123552,10145876.3099835,40986111.41754,2.9008
2024-06-02 09:29:06.653000,51149595.1809189,10155598.3483188,41003634.1673785,2.900802
2024-06-02 09:29:18.622000,51174259.229957,10181208.69457,41002700.2905062,2.900799
2024-06-02 09:29:30.622000,51214623.2813787,10217722.7722431,41006550.2642548,2.900799
2024-06-02 09:29:42.622000,51256921.1055843,10248487.9176476,41017939.5277373,2.900801
2024-06-02 09:29:54.639000,51261330.3070459,10260351.2681312,41010624.6406169,2.900804
2024-06-02 09:30:06.623000,51273185.7031509,10280102.0543594,41002749.9244176,2.900807
